"fleet_segment";"Month";"VESSELS";"DAYS";"GT"
"DTS_VL1218";"0";"160";"8";"18.96"
"DTS_VL1218";"1";"160";"8";"18.96"
"DTS_VL1218";"2";"160";"12";"18.96"
"DTS_VL1218";"3";"160";"10";"18.96"
"DTS_VL1218";"4";"160";"13";"18.96"
"DTS_VL1218";"5";"160";"14";"18.96"
"DTS_VL1218";"6";"160";"12";"18.96"
"DTS_VL1218";"7";"160";"20";"18.96"
"DTS_VL1218";"8";"160";"15";"18.96"
"DTS_VL1218";"9";"160";"3";"18.96"
"DTS_VL1218";"10";"160";"11";"18.96"
"DTS_VL1218";"11";"160";"10";"18.96"
"DTS_VL1218";"12";"160";"10";"18.96"
"DTS_VL1218";"13";"160";"8";"18.96"
"DTS_VL1218";"14";"160";"12";"18.96"
"DTS_VL1218";"15";"160";"10";"18.96"
"DTS_VL1218";"16";"160";"13";"18.96"
"DTS_VL1218";"17";"160";"14";"18.96"
"DTS_VL1218";"18";"160";"12";"18.96"
"DTS_VL1218";"19";"160";"20";"18.96"
"DTS_VL1218";"20";"160";"15";"18.96"
"DTS_VL1218";"21";"160";"3";"18.96"
"DTS_VL1218";"22";"160";"11";"18.96"
"DTS_VL1218";"23";"160";"10";"18.96"
"DTS_VL1218";"24";"160";"10";"18.96"
"DTS_VL1218";"25";"160";"8";"18.96"
"DTS_VL1218";"26";"160";"12";"18.96"
"DTS_VL1218";"27";"160";"10";"18.96"
"DTS_VL1218";"28";"160";"13";"18.96"
"DTS_VL1218";"29";"160";"14";"18.96"
"DTS_VL1218";"30";"160";"12";"18.96"
"DTS_VL1218";"31";"160";"20";"18.96"
"DTS_VL1218";"32";"160";"15";"18.96"
"DTS_VL1218";"33";"160";"3";"18.96"
"DTS_VL1218";"34";"160";"11";"18.96"
"DTS_VL1218";"35";"160";"10";"18.96"
"DTS_VL1218";"36";"160";"10";"18.96"
"DTS_VL1218";"37";"159";"4";"20.06"
"DTS_VL1218";"38";"159";"7";"20.06"
"DTS_VL1218";"39";"159";"10";"20.06"
"DTS_VL1218";"40";"159";"12";"20.06"
"DTS_VL1218";"41";"159";"15";"20.06"
"DTS_VL1218";"42";"159";"13";"20.06"
"DTS_VL1218";"43";"159";"16";"20.06"
"DTS_VL1218";"44";"159";"12";"20.06"
"DTS_VL1218";"45";"159";"4";"20.06"
"DTS_VL1218";"46";"159";"5";"20.06"
"DTS_VL1218";"47";"159";"10";"20.06"
"DTS_VL1218";"48";"159";"8";"20.06"
"DTS_VL1218";"49";"151";"7";"21.02"
"DTS_VL1218";"50";"151";"7";"21.02"
"DTS_VL1218";"51";"151";"10";"21.02"
"DTS_VL1218";"52";"151";"14";"21.02"
"DTS_VL1218";"53";"151";"10";"21.02"
"DTS_VL1218";"54";"151";"13";"21.02"
"DTS_VL1218";"55";"151";"15";"21.02"
"DTS_VL1218";"56";"151";"15";"21.02"
"DTS_VL1218";"57";"151";"1";"21.02"
"DTS_VL1218";"58";"151";"10";"21.02"
"DTS_VL1218";"59";"151";"6";"21.02"
"DTS_VL1218";"60";"151";"12";"21.02"
"DTS_VL1218";"61";"143";"9";"20.22"
"DTS_VL1218";"62";"143";"8";"20.22"
"DTS_VL1218";"63";"143";"14";"20.22"
"DTS_VL1218";"64";"143";"13";"20.22"
"DTS_VL1218";"65";"143";"14";"20.22"
"DTS_VL1218";"66";"143";"16";"20.22"
"DTS_VL1218";"67";"143";"15";"20.22"
"DTS_VL1218";"68";"143";"17";"20.22"
"DTS_VL1218";"69";"143";"11";"20.22"
"DTS_VL1218";"70";"143";"0";"20.22"
"DTS_VL1218";"71";"143";"11";"20.22"
"DTS_VL1218";"72";"143";"9";"20.22"
"DTS_VL1218";"73";"142";"1";"19.35"
"DTS_VL1218";"74";"142";"7";"19.35"
"DTS_VL1218";"75";"142";"13";"19.35"
"DTS_VL1218";"76";"142";"9";"19.35"
"DTS_VL1218";"77";"142";"14";"19.35"
"DTS_VL1218";"78";"142";"15";"19.35"
"DTS_VL1218";"79";"142";"17";"19.35"
"DTS_VL1218";"80";"142";"16";"19.35"
"DTS_VL1218";"81";"142";"4";"19.35"
"DTS_VL1218";"82";"142";"11";"19.35"
"DTS_VL1218";"83";"142";"10";"19.35"
"DTS_VL1218";"84";"142";"10";"19.35"
"DTS_VL1218";"85";"138";"7";"19.16"
"DTS_VL1218";"86";"138";"10";"19.16"
"DTS_VL1218";"87";"138";"11";"19.16"
"DTS_VL1218";"88";"138";"14";"19.16"
"DTS_VL1218";"89";"138";"13";"19.16"
"DTS_VL1218";"90";"138";"16";"19.16"
"DTS_VL1218";"91";"138";"20";"19.16"
"DTS_VL1218";"92";"138";"17";"19.16"
"DTS_VL1218";"93";"138";"14";"19.16"
"DTS_VL1218";"94";"138";"1";"19.16"
"DTS_VL1218";"95";"138";"5";"19.16"
"DTS_VL1218";"96";"138";"14";"19.16"
"DTS_VL1218";"97";"137";"13";"19.49"
"DTS_VL1218";"98";"137";"11";"19.49"
"DTS_VL1218";"99";"137";"13";"19.49"
"DTS_VL1218";"100";"137";"14";"19.49"
"DTS_VL1218";"101";"137";"14";"19.49"
"DTS_VL1218";"102";"137";"14";"19.49"
"DTS_VL1218";"103";"137";"15";"19.49"
"DTS_VL1218";"104";"137";"13";"19.49"
"DTS_VL1218";"105";"137";"8";"19.49"
"DTS_VL1218";"106";"137";"9";"19.49"
"DTS_VL1218";"107";"137";"10";"19.49"
"DTS_VL1218";"108";"137";"10";"19.49"
"DTS_VL1218";"109";"138.29";"9";"19.82"
"DTS_VL1218";"110";"138.29";"9";"19.82"
"DTS_VL1218";"111";"138.29";"12";"19.82"
"DTS_VL1218";"112";"138.29";"13";"19.82"
"DTS_VL1218";"113";"138.29";"14";"19.82"
"DTS_VL1218";"114";"138.29";"14";"19.82"
"DTS_VL1218";"115";"138.29";"18";"19.82"
"DTS_VL1218";"116";"138.29";"13";"19.82"
"DTS_VL1218";"117";"138.29";"8";"19.82"
"DTS_VL1218";"118";"138.29";"4";"19.82"
"DTS_VL1218";"119";"138.29";"12";"19.82"
"DTS_VL1218";"120";"138.29";"16";"19.82"
"DTS_VL1218";"121";"144";"10";"19.32"
"DTS_VL1218";"122";"144";"10";"19.32"
"DTS_VL1218";"123";"144";"13";"19.32"
"DTS_VL1218";"124";"144";"13";"19.32"
"DTS_VL1218";"125";"144";"16";"19.32"
"DTS_VL1218";"126";"144";"15";"19.32"
"DTS_VL1218";"127";"144";"15";"19.32"
"DTS_VL1218";"128";"144";"16";"19.32"
"DTS_VL1218";"129";"144";"7";"19.32"
"DTS_VL1218";"130";"144";"8";"19.32"
"DTS_VL1218";"131";"144";"10";"19.32"
"DTS_VL1218";"132";"144";"13";"19.32"
"DTS_VL1218";"133";"144";"10";"19.32"
"DTS_VL1218";"134";"144";"10";"19.32"
"DTS_VL1218";"135";"144";"13";"19.32"
"DTS_VL1218";"136";"144";"13";"19.32"
"DTS_VL1218";"137";"144";"16";"19.32"
"DTS_VL1218";"138";"144";"15";"19.32"
"DTS_VL1218";"139";"144";"15";"19.32"
"DTS_VL1218";"140";"144";"16";"19.32"
"DTS_VL1218";"141";"144";"7";"19.32"
"DTS_VL1218";"142";"144";"8";"19.32"
"DTS_VL1218";"143";"144";"10";"19.32"
"DTS_VL1218";"144";"144";"13";"19.32"
"DTS_VL1218";"145";"144";"10";"19.32"
"DTS_VL1218";"146";"144";"10";"19.32"
"DTS_VL1218";"147";"144";"13";"19.32"
"DTS_VL1218";"148";"144";"13";"19.32"
"DTS_VL1218";"149";"144";"16";"19.32"
"DTS_VL1218";"150";"144";"15";"19.32"
"DTS_VL1218";"151";"144";"15";"19.32"
"DTS_VL1218";"152";"144";"16";"19.32"
"DTS_VL1218";"153";"144";"7";"19.32"
"DTS_VL1218";"154";"144";"8";"19.32"
"DTS_VL1218";"155";"144";"10";"19.32"
"DTS_VL1218";"156";"144";"13";"19.32"
"DTS_VL1824";"0";"69";"15";"57.52702703"
"DTS_VL1824";"1";"69";"15";"57.52702703"
"DTS_VL1824";"2";"69";"16";"57.52702703"
"DTS_VL1824";"3";"69";"14";"57.52702703"
"DTS_VL1824";"4";"69";"14";"57.52702703"
"DTS_VL1824";"5";"69";"15";"57.52702703"
"DTS_VL1824";"6";"69";"13";"57.52702703"
"DTS_VL1824";"7";"69";"18";"57.52702703"
"DTS_VL1824";"8";"69";"17";"57.52702703"
"DTS_VL1824";"9";"69";"1";"57.52702703"
"DTS_VL1824";"10";"69";"11";"57.52702703"
"DTS_VL1824";"11";"69";"14";"57.52702703"
"DTS_VL1824";"12";"69";"14";"57.52702703"
"DTS_VL1824";"13";"69";"15";"57.52702703"
"DTS_VL1824";"14";"69";"16";"57.52702703"
"DTS_VL1824";"15";"69";"14";"57.52702703"
"DTS_VL1824";"16";"69";"14";"57.52702703"
"DTS_VL1824";"17";"69";"15";"57.52702703"
"DTS_VL1824";"18";"69";"13";"57.52702703"
"DTS_VL1824";"19";"69";"18";"57.52702703"
"DTS_VL1824";"20";"69";"17";"57.52702703"
"DTS_VL1824";"21";"69";"1";"57.52702703"
"DTS_VL1824";"22";"69";"11";"57.52702703"
"DTS_VL1824";"23";"69";"14";"57.52702703"
"DTS_VL1824";"24";"69";"14";"57.52702703"
"DTS_VL1824";"25";"69";"15";"57.52702703"
"DTS_VL1824";"26";"69";"16";"57.52702703"
"DTS_VL1824";"27";"69";"14";"57.52702703"
"DTS_VL1824";"28";"69";"14";"57.52702703"
"DTS_VL1824";"29";"69";"15";"57.52702703"
"DTS_VL1824";"30";"69";"13";"57.52702703"
"DTS_VL1824";"31";"69";"18";"57.52702703"
"DTS_VL1824";"32";"69";"17";"57.52702703"
"DTS_VL1824";"33";"69";"1";"57.52702703"
"DTS_VL1824";"34";"69";"11";"57.52702703"
"DTS_VL1824";"35";"69";"14";"57.52702703"
"DTS_VL1824";"36";"69";"14";"57.52702703"
"DTS_VL1824";"37";"75";"9";"58.2875"
"DTS_VL1824";"38";"75";"11";"58.2875"
"DTS_VL1824";"39";"75";"15";"58.2875"
"DTS_VL1824";"40";"75";"16";"58.2875"
"DTS_VL1824";"41";"75";"16";"58.2875"
"DTS_VL1824";"42";"75";"17";"58.2875"
"DTS_VL1824";"43";"75";"17";"58.2875"
"DTS_VL1824";"44";"75";"16";"58.2875"
"DTS_VL1824";"45";"75";"4";"58.2875"
"DTS_VL1824";"46";"75";"11";"58.2875"
"DTS_VL1824";"47";"75";"15";"58.2875"
"DTS_VL1824";"48";"75";"13";"58.2875"
"DTS_VL1824";"49";"58";"12";"57.96825397"
"DTS_VL1824";"50";"58";"16";"57.96825397"
"DTS_VL1824";"51";"58";"13";"57.96825397"
"DTS_VL1824";"52";"58";"15";"57.96825397"
"DTS_VL1824";"53";"58";"12";"57.96825397"
"DTS_VL1824";"54";"58";"13";"57.96825397"
"DTS_VL1824";"55";"58";"13";"57.96825397"
"DTS_VL1824";"56";"58";"12";"57.96825397"
"DTS_VL1824";"57";"58";"-1";"57.96825397"
"DTS_VL1824";"58";"58";"11";"57.96825397"
"DTS_VL1824";"59";"58";"9";"57.96825397"
"DTS_VL1824";"60";"58";"11";"57.96825397"
"DTS_VL1824";"61";"57";"19";"60.06451613"
"DTS_VL1824";"62";"57";"15";"60.06451613"
"DTS_VL1824";"63";"57";"15";"60.06451613"
"DTS_VL1824";"64";"57";"12";"60.06451613"
"DTS_VL1824";"65";"57";"8";"60.06451613"
"DTS_VL1824";"66";"57";"10";"60.06451613"
"DTS_VL1824";"67";"57";"8";"60.06451613"
"DTS_VL1824";"68";"57";"11";"60.06451613"
"DTS_VL1824";"69";"57";"13";"60.06451613"
"DTS_VL1824";"70";"57";"0";"60.06451613"
"DTS_VL1824";"71";"57";"12";"60.06451613"
"DTS_VL1824";"72";"57";"12";"60.06451613"
"DTS_VL1824";"73";"58";"6";"63.74603175"
"DTS_VL1824";"74";"58";"11";"63.74603175"
"DTS_VL1824";"75";"58";"14";"63.74603175"
"DTS_VL1824";"76";"58";"13";"63.74603175"
"DTS_VL1824";"77";"58";"17";"63.74603175"
"DTS_VL1824";"78";"58";"18";"63.74603175"
"DTS_VL1824";"79";"58";"14";"63.74603175"
"DTS_VL1824";"80";"58";"15";"63.74603175"
"DTS_VL1824";"81";"58";"5";"63.74603175"
"DTS_VL1824";"82";"58";"13";"63.74603175"
"DTS_VL1824";"83";"58";"16";"63.74603175"
"DTS_VL1824";"84";"58";"13";"63.74603175"
"DTS_VL1824";"85";"70";"12";"62.78666667"
"DTS_VL1824";"86";"70";"11";"62.78666667"
"DTS_VL1824";"87";"70";"12";"62.78666667"
"DTS_VL1824";"88";"70";"15";"62.78666667"
"DTS_VL1824";"89";"70";"15";"62.78666667"
"DTS_VL1824";"90";"70";"14";"62.78666667"
"DTS_VL1824";"91";"70";"19";"62.78666667"
"DTS_VL1824";"92";"70";"18";"62.78666667"
"DTS_VL1824";"93";"70";"16";"62.78666667"
"DTS_VL1824";"94";"70";"-1";"62.78666667"
"DTS_VL1824";"95";"70";"12";"62.78666667"
"DTS_VL1824";"96";"70";"16";"62.78666667"
"DTS_VL1824";"97";"78";"15";"63.97590361"
"DTS_VL1824";"98";"78";"15";"63.97590361"
"DTS_VL1824";"99";"78";"16";"63.97590361"
"DTS_VL1824";"100";"78";"17";"63.97590361"
"DTS_VL1824";"101";"78";"18";"63.97590361"
"DTS_VL1824";"102";"78";"19";"63.97590361"
"DTS_VL1824";"103";"78";"20";"63.97590361"
"DTS_VL1824";"104";"78";"18";"63.97590361"
"DTS_VL1824";"105";"78";"10";"63.97590361"
"DTS_VL1824";"106";"78";"9";"63.97590361"
"DTS_VL1824";"107";"78";"16";"63.97590361"
"DTS_VL1824";"108";"78";"15";"63.97590361"
"DTS_VL1824";"109";"86";"7";"64.37957484"
"DTS_VL1824";"110";"86";"6";"64.37957484"
"DTS_VL1824";"111";"86";"9";"64.37957484"
"DTS_VL1824";"112";"86";"10";"64.37957484"
"DTS_VL1824";"113";"86";"9";"64.37957484"
"DTS_VL1824";"114";"86";"10";"64.37957484"
"DTS_VL1824";"115";"86";"10";"64.37957484"
"DTS_VL1824";"116";"86";"10";"64.37957484"
"DTS_VL1824";"117";"86";"7";"64.37957484"
"DTS_VL1824";"118";"86";"4";"64.37957484"
"DTS_VL1824";"119";"86";"10";"64.37957484"
"DTS_VL1824";"120";"86";"10";"64.37957484"
"DTS_VL1824";"121";"61";"12";"60.98484848"
"DTS_VL1824";"122";"61";"14";"60.98484848"
"DTS_VL1824";"123";"61";"16";"60.98484848"
"DTS_VL1824";"124";"61";"16";"60.98484848"
"DTS_VL1824";"125";"61";"16";"60.98484848"
"DTS_VL1824";"126";"61";"17";"60.98484848"
"DTS_VL1824";"127";"61";"18";"60.98484848"
"DTS_VL1824";"128";"61";"18";"60.98484848"
"DTS_VL1824";"129";"61";"10";"60.98484848"
"DTS_VL1824";"130";"61";"8";"60.98484848"
"DTS_VL1824";"131";"61";"14";"60.98484848"
"DTS_VL1824";"132";"61";"14";"60.98484848"
"DTS_VL1824";"133";"61";"12";"60.98484848"
"DTS_VL1824";"134";"61";"14";"60.98484848"
"DTS_VL1824";"135";"61";"16";"60.98484848"
"DTS_VL1824";"136";"61";"16";"60.98484848"
"DTS_VL1824";"137";"61";"16";"60.98484848"
"DTS_VL1824";"138";"61";"17";"60.98484848"
"DTS_VL1824";"139";"61";"18";"60.98484848"
"DTS_VL1824";"140";"61";"18";"60.98484848"
"DTS_VL1824";"141";"61";"10";"60.98484848"
"DTS_VL1824";"142";"61";"8";"60.98484848"
"DTS_VL1824";"143";"61";"14";"60.98484848"
"DTS_VL1824";"144";"61";"14";"60.98484848"
"DTS_VL1824";"145";"61";"12";"60.98484848"
"DTS_VL1824";"146";"61";"14";"60.98484848"
"DTS_VL1824";"147";"61";"16";"60.98484848"
"DTS_VL1824";"148";"61";"16";"60.98484848"
"DTS_VL1824";"149";"61";"16";"60.98484848"
"DTS_VL1824";"150";"61";"17";"60.98484848"
"DTS_VL1824";"151";"61";"18";"60.98484848"
"DTS_VL1824";"152";"61";"18";"60.98484848"
"DTS_VL1824";"153";"61";"10";"60.98484848"
"DTS_VL1824";"154";"61";"8";"60.98484848"
"DTS_VL1824";"155";"61";"14";"60.98484848"
"DTS_VL1824";"156";"61";"14";"60.98484848"
"PGP_VL0006";"0";"615";"4";"3.008064516"
"PGP_VL0006";"1";"615";"4";"3.008064516"
"PGP_VL0006";"2";"615";"7";"3.008064516"
"PGP_VL0006";"3";"615";"6";"3.008064516"
"PGP_VL0006";"4";"615";"7";"3.008064516"
"PGP_VL0006";"5";"615";"9";"3.008064516"
"PGP_VL0006";"6";"615";"12";"3.008064516"
"PGP_VL0006";"7";"615";"17";"3.008064516"
"PGP_VL0006";"8";"615";"13";"3.008064516"
"PGP_VL0006";"9";"615";"14";"3.008064516"
"PGP_VL0006";"10";"615";"10";"3.008064516"
"PGP_VL0006";"11";"615";"5";"3.008064516"
"PGP_VL0006";"12";"615";"2";"3.008064516"
"PGP_VL0006";"13";"615";"4";"3.008064516"
"PGP_VL0006";"14";"615";"7";"3.008064516"
"PGP_VL0006";"15";"615";"6";"3.008064516"
"PGP_VL0006";"16";"615";"7";"3.008064516"
"PGP_VL0006";"17";"615";"9";"3.008064516"
"PGP_VL0006";"18";"615";"12";"3.008064516"
"PGP_VL0006";"19";"615";"17";"3.008064516"
"PGP_VL0006";"20";"615";"13";"3.008064516"
"PGP_VL0006";"21";"615";"14";"3.008064516"
"PGP_VL0006";"22";"615";"10";"3.008064516"
"PGP_VL0006";"23";"615";"5";"3.008064516"
"PGP_VL0006";"24";"615";"2";"3.008064516"
"PGP_VL0006";"25";"615";"4";"3.008064516"
"PGP_VL0006";"26";"615";"7";"3.008064516"
"PGP_VL0006";"27";"615";"6";"3.008064516"
"PGP_VL0006";"28";"615";"7";"3.008064516"
"PGP_VL0006";"29";"615";"9";"3.008064516"
"PGP_VL0006";"30";"615";"12";"3.008064516"
"PGP_VL0006";"31";"615";"17";"3.008064516"
"PGP_VL0006";"32";"615";"13";"3.008064516"
"PGP_VL0006";"33";"615";"14";"3.008064516"
"PGP_VL0006";"34";"615";"10";"3.008064516"
"PGP_VL0006";"35";"615";"5";"3.008064516"
"PGP_VL0006";"36";"615";"2";"3.008064516"
"PGP_VL0006";"37";"602";"7";"3"
"PGP_VL0006";"38";"602";"8";"3"
"PGP_VL0006";"39";"602";"16";"3"
"PGP_VL0006";"40";"602";"16";"3"
"PGP_VL0006";"41";"602";"19";"3"
"PGP_VL0006";"42";"602";"23";"3"
"PGP_VL0006";"43";"602";"23";"3"
"PGP_VL0006";"44";"602";"13";"3"
"PGP_VL0006";"45";"602";"12";"3"
"PGP_VL0006";"46";"602";"5";"3"
"PGP_VL0006";"47";"602";"8";"3"
"PGP_VL0006";"48";"602";"5";"3"
"PGP_VL0006";"49";"592";"3";"3.001675042"
"PGP_VL0006";"50";"592";"5";"3.001675042"
"PGP_VL0006";"51";"592";"8";"3.001675042"
"PGP_VL0006";"52";"592";"9";"3.001675042"
"PGP_VL0006";"53";"592";"8";"3.001675042"
"PGP_VL0006";"54";"592";"12";"3.001675042"
"PGP_VL0006";"55";"592";"15";"3.001675042"
"PGP_VL0006";"56";"592";"15";"3.001675042"
"PGP_VL0006";"57";"592";"9";"3.001675042"
"PGP_VL0006";"58";"592";"6";"3.001675042"
"PGP_VL0006";"59";"592";"4";"3.001675042"
"PGP_VL0006";"60";"592";"6";"3.001675042"
"PGP_VL0006";"61";"576";"4";"3.00172117"
"PGP_VL0006";"62";"576";"6";"3.00172117"
"PGP_VL0006";"63";"576";"11";"3.00172117"
"PGP_VL0006";"64";"576";"11";"3.00172117"
"PGP_VL0006";"65";"576";"15";"3.00172117"
"PGP_VL0006";"66";"576";"17";"3.00172117"
"PGP_VL0006";"67";"576";"16";"3.00172117"
"PGP_VL0006";"68";"576";"18";"3.00172117"
"PGP_VL0006";"69";"576";"13";"3.00172117"
"PGP_VL0006";"70";"576";"9";"3.00172117"
"PGP_VL0006";"71";"576";"9";"3.00172117"
"PGP_VL0006";"72";"576";"8";"3.00172117"
"PGP_VL0006";"73";"554";"2";"3.001788909"
"PGP_VL0006";"74";"554";"5";"3.001788909"
"PGP_VL0006";"75";"554";"8";"3.001788909"
"PGP_VL0006";"76";"554";"7";"3.001788909"
"PGP_VL0006";"77";"554";"12";"3.001788909"
"PGP_VL0006";"78";"554";"15";"3.001788909"
"PGP_VL0006";"79";"554";"15";"3.001788909"
"PGP_VL0006";"80";"554";"15";"3.001788909"
"PGP_VL0006";"81";"554";"10";"3.001788909"
"PGP_VL0006";"82";"554";"6";"3.001788909"
"PGP_VL0006";"83";"554";"4";"3.001788909"
"PGP_VL0006";"84";"554";"2";"3.001788909"
"PGP_VL0006";"85";"533";"5";"3.001858736"
"PGP_VL0006";"86";"533";"4";"3.001858736"
"PGP_VL0006";"87";"533";"6";"3.001858736"
"PGP_VL0006";"88";"533";"9";"3.001858736"
"PGP_VL0006";"89";"533";"10";"3.001858736"
"PGP_VL0006";"90";"533";"11";"3.001858736"
"PGP_VL0006";"91";"533";"15";"3.001858736"
"PGP_VL0006";"92";"533";"10";"3.001858736"
"PGP_VL0006";"93";"533";"9";"3.001858736"
"PGP_VL0006";"94";"533";"7";"3.001858736"
"PGP_VL0006";"95";"533";"4";"3.001858736"
"PGP_VL0006";"96";"533";"6";"3.001858736"
"PGP_VL0006";"97";"526";"3";"3.026365348"
"PGP_VL0006";"98";"526";"3";"3.026365348"
"PGP_VL0006";"99";"526";"9";"3.026365348"
"PGP_VL0006";"100";"526";"9";"3.026365348"
"PGP_VL0006";"101";"526";"9";"3.026365348"
"PGP_VL0006";"102";"526";"13";"3.026365348"
"PGP_VL0006";"103";"526";"12";"3.026365348"
"PGP_VL0006";"104";"526";"10";"3.026365348"
"PGP_VL0006";"105";"526";"8";"3.026365348"
"PGP_VL0006";"106";"526";"8";"3.026365348"
"PGP_VL0006";"107";"526";"5";"3.026365348"
"PGP_VL0006";"108";"526";"5";"3.026365348"
"PGP_VL0006";"109";"501";"5";"3.028801356"
"PGP_VL0006";"110";"501";"5";"3.028801356"
"PGP_VL0006";"111";"501";"11";"3.028801356"
"PGP_VL0006";"112";"501";"13";"3.028801356"
"PGP_VL0006";"113";"501";"13";"3.028801356"
"PGP_VL0006";"114";"501";"14";"3.028801356"
"PGP_VL0006";"115";"501";"17";"3.028801356"
"PGP_VL0006";"116";"501";"13";"3.028801356"
"PGP_VL0006";"117";"501";"13";"3.028801356"
"PGP_VL0006";"118";"501";"11";"3.028801356"
"PGP_VL0006";"119";"501";"7";"3.028801356"
"PGP_VL0006";"120";"501";"7";"3.028801356"
"PGP_VL0006";"121";"472";"3";"3.030578536"
"PGP_VL0006";"122";"472";"6";"3.030578536"
"PGP_VL0006";"123";"472";"11";"3.030578536"
"PGP_VL0006";"124";"472";"14";"3.030578536"
"PGP_VL0006";"125";"472";"14";"3.030578536"
"PGP_VL0006";"126";"472";"15";"3.030578536"
"PGP_VL0006";"127";"472";"17";"3.030578536"
"PGP_VL0006";"128";"472";"14";"3.030578536"
"PGP_VL0006";"129";"472";"13";"3.030578536"
"PGP_VL0006";"130";"472";"12";"3.030578536"
"PGP_VL0006";"131";"472";"8";"3.030578536"
"PGP_VL0006";"132";"472";"9";"3.030578536"
"PGP_VL0006";"133";"472";"3";"3.030578536"
"PGP_VL0006";"134";"472";"6";"3.030578536"
"PGP_VL0006";"135";"472";"11";"3.030578536"
"PGP_VL0006";"136";"472";"14";"3.030578536"
"PGP_VL0006";"137";"472";"14";"3.030578536"
"PGP_VL0006";"138";"472";"15";"3.030578536"
"PGP_VL0006";"139";"472";"17";"3.030578536"
"PGP_VL0006";"140";"472";"14";"3.030578536"
"PGP_VL0006";"141";"472";"13";"3.030578536"
"PGP_VL0006";"142";"472";"12";"3.030578536"
"PGP_VL0006";"143";"472";"8";"3.030578536"
"PGP_VL0006";"144";"472";"9";"3.030578536"
"PGP_VL0006";"145";"472";"3";"3.030578536"
"PGP_VL0006";"146";"472";"6";"3.030578536"
"PGP_VL0006";"147";"472";"11";"3.030578536"
"PGP_VL0006";"148";"472";"14";"3.030578536"
"PGP_VL0006";"149";"472";"14";"3.030578536"
"PGP_VL0006";"150";"472";"15";"3.030578536"
"PGP_VL0006";"151";"472";"17";"3.030578536"
"PGP_VL0006";"152";"472";"14";"3.030578536"
"PGP_VL0006";"153";"472";"13";"3.030578536"
"PGP_VL0006";"154";"472";"12";"3.030578536"
"PGP_VL0006";"155";"472";"8";"3.030578536"
"PGP_VL0006";"156";"472";"9";"3.030578536"
"PGP_VL0612";"0";"1320";"7";"4.275471698"
"PGP_VL0612";"1";"1320";"7";"4.275471698"
"PGP_VL0612";"2";"1320";"10";"4.275471698"
"PGP_VL0612";"3";"1320";"9";"4.275471698"
"PGP_VL0612";"4";"1320";"12";"4.275471698"
"PGP_VL0612";"5";"1320";"14";"4.275471698"
"PGP_VL0612";"6";"1320";"12";"4.275471698"
"PGP_VL0612";"7";"1320";"19";"4.275471698"
"PGP_VL0612";"8";"1320";"16";"4.275471698"
"PGP_VL0612";"9";"1320";"15";"4.275471698"
"PGP_VL0612";"10";"1320";"13";"4.275471698"
"PGP_VL0612";"11";"1320";"5";"4.275471698"
"PGP_VL0612";"12";"1320";"4";"4.275471698"
"PGP_VL0612";"13";"1320";"7";"4.275471698"
"PGP_VL0612";"14";"1320";"10";"4.275471698"
"PGP_VL0612";"15";"1320";"9";"4.275471698"
"PGP_VL0612";"16";"1320";"12";"4.275471698"
"PGP_VL0612";"17";"1320";"14";"4.275471698"
"PGP_VL0612";"18";"1320";"12";"4.275471698"
"PGP_VL0612";"19";"1320";"19";"4.275471698"
"PGP_VL0612";"20";"1320";"16";"4.275471698"
"PGP_VL0612";"21";"1320";"15";"4.275471698"
"PGP_VL0612";"22";"1320";"13";"4.275471698"
"PGP_VL0612";"23";"1320";"5";"4.275471698"
"PGP_VL0612";"24";"1320";"4";"4.275471698"
"PGP_VL0612";"25";"1320";"7";"4.275471698"
"PGP_VL0612";"26";"1320";"10";"4.275471698"
"PGP_VL0612";"27";"1320";"9";"4.275471698"
"PGP_VL0612";"28";"1320";"12";"4.275471698"
"PGP_VL0612";"29";"1320";"14";"4.275471698"
"PGP_VL0612";"30";"1320";"12";"4.275471698"
"PGP_VL0612";"31";"1320";"19";"4.275471698"
"PGP_VL0612";"32";"1320";"16";"4.275471698"
"PGP_VL0612";"33";"1320";"15";"4.275471698"
"PGP_VL0612";"34";"1320";"13";"4.275471698"
"PGP_VL0612";"35";"1320";"5";"4.275471698"
"PGP_VL0612";"36";"1320";"4";"4.275471698"
"PGP_VL0612";"37";"1325";"4";"4.254887218"
"PGP_VL0612";"38";"1325";"6";"4.254887218"
"PGP_VL0612";"39";"1325";"10";"4.254887218"
"PGP_VL0612";"40";"1325";"13";"4.254887218"
"PGP_VL0612";"41";"1325";"16";"4.254887218"
"PGP_VL0612";"42";"1325";"17";"4.254887218"
"PGP_VL0612";"43";"1325";"18";"4.254887218"
"PGP_VL0612";"44";"1325";"12";"4.254887218"
"PGP_VL0612";"45";"1325";"12";"4.254887218"
"PGP_VL0612";"46";"1325";"7";"4.254887218"
"PGP_VL0612";"47";"1325";"7";"4.254887218"
"PGP_VL0612";"48";"1325";"4";"4.254887218"
"PGP_VL0612";"49";"1357";"3";"4.25256975"
"PGP_VL0612";"50";"1357";"7";"4.25256975"
"PGP_VL0612";"51";"1357";"12";"4.25256975"
"PGP_VL0612";"52";"1357";"12";"4.25256975"
"PGP_VL0612";"53";"1357";"12";"4.25256975"
"PGP_VL0612";"54";"1357";"14";"4.25256975"
"PGP_VL0612";"55";"1357";"15";"4.25256975"
"PGP_VL0612";"56";"1357";"15";"4.25256975"
"PGP_VL0612";"57";"1357";"11";"4.25256975"
"PGP_VL0612";"58";"1357";"9";"4.25256975"
"PGP_VL0612";"59";"1357";"5";"4.25256975"
"PGP_VL0612";"60";"1357";"6";"4.25256975"
"PGP_VL0612";"61";"1349";"6";"4.249630724"
"PGP_VL0612";"62";"1349";"6";"4.249630724"
"PGP_VL0612";"63";"1349";"11";"4.249630724"
"PGP_VL0612";"64";"1349";"10";"4.249630724"
"PGP_VL0612";"65";"1349";"14";"4.249630724"
"PGP_VL0612";"66";"1349";"15";"4.249630724"
"PGP_VL0612";"67";"1349";"13";"4.249630724"
"PGP_VL0612";"68";"1349";"16";"4.249630724"
"PGP_VL0612";"69";"1349";"13";"4.249630724"
"PGP_VL0612";"70";"1349";"10";"4.249630724"
"PGP_VL0612";"71";"1349";"11";"4.249630724"
"PGP_VL0612";"72";"1349";"8";"4.249630724"
"PGP_VL0612";"73";"1331";"3";"4.222305389"
"PGP_VL0612";"74";"1331";"6";"4.222305389"
"PGP_VL0612";"75";"1331";"9";"4.222305389"
"PGP_VL0612";"76";"1331";"10";"4.222305389"
"PGP_VL0612";"77";"1331";"14";"4.222305389"
"PGP_VL0612";"78";"1331";"16";"4.222305389"
"PGP_VL0612";"79";"1331";"16";"4.222305389"
"PGP_VL0612";"80";"1331";"16";"4.222305389"
"PGP_VL0612";"81";"1331";"12";"4.222305389"
"PGP_VL0612";"82";"1331";"11";"4.222305389"
"PGP_VL0612";"83";"1331";"8";"4.222305389"
"PGP_VL0612";"84";"1331";"5";"4.222305389"
"PGP_VL0612";"85";"1322";"6";"4.215523738"
"PGP_VL0612";"86";"1322";"5";"4.215523738"
"PGP_VL0612";"87";"1322";"6";"4.215523738"
"PGP_VL0612";"88";"1322";"11";"4.215523738"
"PGP_VL0612";"89";"1322";"9";"4.215523738"
"PGP_VL0612";"90";"1322";"12";"4.215523738"
"PGP_VL0612";"91";"1322";"15";"4.215523738"
"PGP_VL0612";"92";"1322";"11";"4.215523738"
"PGP_VL0612";"93";"1322";"12";"4.215523738"
"PGP_VL0612";"94";"1322";"10";"4.215523738"
"PGP_VL0612";"95";"1322";"5";"4.215523738"
"PGP_VL0612";"96";"1322";"8";"4.215523738"
"PGP_VL0612";"97";"1321";"5";"4.229260935"
"PGP_VL0612";"98";"1321";"6";"4.229260935"
"PGP_VL0612";"99";"1321";"11";"4.229260935"
"PGP_VL0612";"100";"1321";"11";"4.229260935"
"PGP_VL0612";"101";"1321";"11";"4.229260935"
"PGP_VL0612";"102";"1321";"13";"4.229260935"
"PGP_VL0612";"103";"1321";"13";"4.229260935"
"PGP_VL0612";"104";"1321";"11";"4.229260935"
"PGP_VL0612";"105";"1321";"10";"4.229260935"
"PGP_VL0612";"106";"1321";"10";"4.229260935"
"PGP_VL0612";"107";"1321";"6";"4.229260935"
"PGP_VL0612";"108";"1321";"7";"4.229260935"
"PGP_VL0612";"109";"1293";"5";"4.204149548"
"PGP_VL0612";"110";"1293";"6";"4.204149548"
"PGP_VL0612";"111";"1293";"11";"4.204149548"
"PGP_VL0612";"112";"1293";"12";"4.204149548"
"PGP_VL0612";"113";"1293";"13";"4.204149548"
"PGP_VL0612";"114";"1293";"12";"4.204149548"
"PGP_VL0612";"115";"1293";"14";"4.204149548"
"PGP_VL0612";"116";"1293";"11";"4.204149548"
"PGP_VL0612";"117";"1293";"11";"4.204149548"
"PGP_VL0612";"118";"1293";"10";"4.204149548"
"PGP_VL0612";"119";"1293";"6";"4.204149548"
"PGP_VL0612";"120";"1293";"6";"4.204149548"
"PGP_VL0612";"121";"1194";"5";"4.147893427"
"PGP_VL0612";"122";"1194";"6";"4.147893427"
"PGP_VL0612";"123";"1194";"10";"4.147893427"
"PGP_VL0612";"124";"1194";"12";"4.147893427"
"PGP_VL0612";"125";"1194";"15";"4.147893427"
"PGP_VL0612";"126";"1194";"16";"4.147893427"
"PGP_VL0612";"127";"1194";"17";"4.147893427"
"PGP_VL0612";"128";"1194";"14";"4.147893427"
"PGP_VL0612";"129";"1194";"12";"4.147893427"
"PGP_VL0612";"130";"1194";"10";"4.147893427"
"PGP_VL0612";"131";"1194";"9";"4.147893427"
"PGP_VL0612";"132";"1194";"9";"4.147893427"
"PGP_VL0612";"133";"1194";"5";"4.147893427"
"PGP_VL0612";"134";"1194";"6";"4.147893427"
"PGP_VL0612";"135";"1194";"10";"4.147893427"
"PGP_VL0612";"136";"1194";"12";"4.147893427"
"PGP_VL0612";"137";"1194";"15";"4.147893427"
"PGP_VL0612";"138";"1194";"16";"4.147893427"
"PGP_VL0612";"139";"1194";"17";"4.147893427"
"PGP_VL0612";"140";"1194";"14";"4.147893427"
"PGP_VL0612";"141";"1194";"12";"4.147893427"
"PGP_VL0612";"142";"1194";"10";"4.147893427"
"PGP_VL0612";"143";"1194";"9";"4.147893427"
"PGP_VL0612";"144";"1194";"9";"4.147893427"
"PGP_VL0612";"145";"1194";"5";"4.147893427"
"PGP_VL0612";"146";"1194";"6";"4.147893427"
"PGP_VL0612";"147";"1194";"10";"4.147893427"
"PGP_VL0612";"148";"1194";"12";"4.147893427"
"PGP_VL0612";"149";"1194";"15";"4.147893427"
"PGP_VL0612";"150";"1194";"16";"4.147893427"
"PGP_VL0612";"151";"1194";"17";"4.147893427"
"PGP_VL0612";"152";"1194";"14";"4.147893427"
"PGP_VL0612";"153";"1194";"12";"4.147893427"
"PGP_VL0612";"154";"1194";"10";"4.147893427"
"PGP_VL0612";"155";"1194";"9";"4.147893427"
"PGP_VL0612";"156";"1194";"9";"4.147893427"
